date,open,high,low,close,volume
2022-08-22,2.327181816101074,2.335493171945214,2.3022477485686546,2.327181816101074,2962955
2022-08-23,2.3022472950424633,2.318870003456189,2.277313232421875,2.277313232421875,4634780
2022-08-24,2.2606907002301044,2.2856247647943158,2.2191339259564193,2.2357566356658936,5134434
2022-08-25,2.2357566246456058,2.277313398714453,2.219133915018067,2.260690689086914,3048829
2022-08-26,2.2690024375915527,2.3022478626149896,2.2606910813356937,2.2690024375915527,2657202
2022-08-29,2.2357566356658936,2.2440679905206307,2.2149781494498857,2.2357566356658936,2227062
2022-08-30,2.202511205390528,2.260690689086914,2.202511205390528,2.260690689086914,3901775
2022-08-31,2.2606910813356937,2.29393650635913,2.2440683688239753,2.2690024375915527,3159870
2022-09-01,2.227445125579834,2.2690018969574153,2.194199708477769,2.227445125579834,4772746
2022-09-02,2.2440679905206307,2.2606907002301044,2.2191339259564193,2.2357566356658936,2546842
2022-09-05,2.2357567903222857,2.2606908566112875,2.2274454348926183,2.244068145751953,2444819
2022-09-06,2.2274452698318363,2.2690020439006835,2.2274452698318363,2.260690689086914,2438633
2022-09-07,2.25237975623277,2.269002468974399,2.210822974378697,2.2191343307495117,4784820
2022-09-08,2.2191340794629513,2.25237950118162,2.210822724033284,2.244068145751953,7011458
2022-09-09,2.210822724033284,2.2565350798172816,2.1942000131739494,2.244068145751953,4139605
2022-09-12,2.2690020550848415,2.2773134099395786,2.2357566356658936,2.2357566356658936,3504216
2022-09-13,2.2523794174194336,2.260690772540016,2.2357567071782696,2.2523794174194336,3511039
2022-09-14,2.1858884996279784,2.1941998544564436,2.1526428821557877,2.160954236984253,3005758
2022-09-15,2.0778406391283113,2.136020121539573,2.0778406391283113,2.094463348388672,8218234
2022-09-16,2.0695296176870372,2.0861523296236113,2.036284193813889,2.06121826171875,18510810
2022-09-19,2.0861521479854717,2.127708924208621,2.077840792740842,2.1027748584747314,3703030
2022-09-20,2.1027747136565575,2.1193974230010104,2.061217940295425,2.0695292949676514,2303854
2022-09-21,2.0529070057496743,2.069529718495958,2.0196615802571074,2.027972936630249,4268351
2022-09-23,1.9781043957044984,1.982259973965926,1.928236069459082,1.9697928428649902,6728160
2022-09-26,1.9448587894439697,1.9781044065086053,1.9365474347173928,1.9448587894439697,2220304
2022-09-27,1.9282363653182983,1.936547721274734,1.88252400663708,1.9282363653182983,4241343
2022-09-28,1.911613570201736,1.9531703481751406,1.9033022146070553,1.9365476369857788,4234355
2022-09-29,1.9614817746342725,1.9781046845825354,1.9448590628443652,1.9531704187393188,4566013
2022-09-30,1.9282363510544578,1.9614817746342725,1.9116136392645504,1.9531704187393188,3077828
2022-10-03,1.9116135832262664,1.9947273378977082,1.9116135832262664,1.986415982246399,3034598
2022-10-04,2.019661177400736,2.052906596261929,1.9864157585395434,2.044595241546631,3108522
2022-10-05,2.052906596261929,2.086152015123122,2.044595241546631,2.044595241546631,3866958
2022-10-06,2.0362840409440324,2.057062330225684,2.0030386195667162,2.0529067516326904,2617081
2022-10-07,2.0113500708036107,2.044595493765926,2.0113500708036107,2.0196614265441895,2566838
2022-10-10,1.9947273593224528,2.0279727822847686,1.9822602266324088,2.0196614265441895,2047816
2022-10-11,2.02797231153106,2.02797231153106,1.9947268962860107,1.9947268962860107,2339125
2022-10-12,2.003038867510824,2.0445956493765327,2.003038867510824,2.027972936630249,2080718
2022-10-13,2.0030387785914647,2.019661490599829,1.9697931564163784,1.9781047105789185,2204030
2022-10-14,2.0279727822847686,2.0279727822847686,1.9905715823729877,2.0196614265441895,1829335
2022-10-17,2.0030386935490174,2.0113500492003267,1.9781046265950897,1.986415982246399,1374672
2022-10-18,2.052906596261929,2.0778406604078237,2.0279725321160345,2.044595241546631,2726582
2022-10-19,2.061217940295425,2.077840649639878,2.0362838762787456,2.0695292949676514,3473903
2022-10-20,2.0445955643251343,2.0529069203525387,2.0113501402155154,2.0362842082977295,2363160
2022-10-21,2.011350223883966,2.061218362122816,2.011350223883966,2.027972936630249,2540735
2022-10-24,2.0695294623213485,2.0944635283543356,2.0529067516326904,2.0529067516326904,2241464
2022-10-25,2.0695296574193502,2.1360205064421853,2.0529069451636417,2.127709150314331,3519602
2022-10-26,2.152642676115193,2.1858882904052734,2.136019968049308,2.1858882904052734,5584438
2022-10-27,2.1941998613922085,2.2357566356658936,2.1858885065374714,2.2357566356658936,6369281
2022-10-28,2.194199708477769,2.252379188406383,2.194199708477769,2.227445125579834,2531267
2022-10-31,2.2523793342731446,2.264846267414634,2.2274452698318363,2.260690689086914,3113248
2022-11-01,2.260690524008149,2.285624586628738,2.235756461387561,2.277313232421875,2668786
2022-11-02,2.2856247647943158,2.2856247647943158,2.2357566356658936,2.2357566356658936,5630132
2022-11-03,2.210822879369277,2.214978458296916,2.177577257156372,2.177577257156372,2507548
2022-11-04,2.177577257156372,2.1942001673420033,2.160954545129099,2.177577257156372,2566322
2022-11-07,2.1526428821557877,2.1775769466411834,2.127708817670392,2.160954236984253,2229950
2022-11-08,2.1277092038048835,2.185888896320861,2.1277092038048835,2.1692659854888916,2281927
2022-11-09,2.1858889208982397,2.2108229901889946,2.17757736630962,2.194200277328491,1610195
2022-11-10,2.2108229901889946,2.2108229901889946,2.1692660098793684,2.194200277328491,2502948
2022-11-11,2.277313398714453,2.2856247535282224,2.2357566246456058,2.260690689086914,5009498
2022-11-14,2.2523793567280164,2.2523793567280164,2.202511227348244,2.210822582244873,2104213
2022-11-15,2.2523796594374597,2.2523796594374597,2.177577257156372,2.177577257156372,3760435
2022-11-16,2.17757673821402,2.219133706537043,2.169265384181078,2.1858882904052734,2822341
2022-11-17,2.185888905266254,2.223289909855736,2.169265994366258,2.2191343307495117,2386875
2022-11-18,2.235756414602928,2.235756414602928,2.17757673821402,2.1858882904052734,3774652
2022-11-21,2.2191339371415015,2.231600870407279,2.198355450820764,2.210822582244873,2017439
2022-11-22,2.2191339259564193,2.2482235688688337,2.2108225711016822,2.2357566356658936,3100984
2022-11-23,2.2440683998619555,2.2606911126035847,2.2191343307495117,2.2191343307495117,3125422
2022-11-24,2.210822974378697,2.235757043491141,2.202511618007883,2.2191343307495117,6116875
2022-11-25,2.244067979459375,2.260690689086914,2.219133915018067,2.260690689086914,2053798
2022-11-28,2.2523796273095527,2.3022477626800537,2.227445559624302,2.3022477626800537,1178818
2022-11-29,2.327181357663052,2.3438040660767774,2.260690524008149,2.277313232421875,3496704
2022-11-30,2.277313541921152,2.3105589632668364,2.2523794759118885,2.293936252593994,3178577
2022-12-01,2.318870474470221,2.32302625149694,2.2856250508898865,2.3022477626800537,3151540
2022-12-02,2.293936108341992,2.3271815275970695,2.2357566246456058,2.260690689086914,2326816
2022-12-05,2.244068062298852,2.260690772540016,2.227445352057688,2.2523794174194336,1537832
2022-12-06,2.25237950118162,2.277313567470622,2.2357567903222857,2.244068145751953,2287382
2022-12-07,2.2274452808111564,2.2440679905206307,2.2149781494498857,2.2357566356658936,2631706
2022-12-08,2.244068145751953,2.25237950118162,2.2274454348926183,2.244068145751953,1847473
2022-12-09,2.2523793453753673,2.2606907002301044,2.2274452808111564,2.2357566356658936,1260692
2022-12-12,2.277313398714453,2.2856247535282224,2.244067979459375,2.260690689086914,2295684
2022-12-13,2.2690021276605976,2.2856248379017616,2.244068062298852,2.2523794174194336,2425264
2022-12-14,2.285624721173284,2.3521155587422062,2.285624721173284,2.3354928493499756,5444738
2022-12-15,2.4352292278693395,2.4518519367428513,2.3188700675964355,2.3188700675964355,5719645
2022-12-16,2.277313681036235,2.335493171945214,2.2690023251920945,2.327181816101074,8373653
2022-12-19,2.3354927764699474,2.3438041309067033,2.3022473587229237,2.3188700675964355,2367656
2022-12-20,2.3271819635701005,2.3271819635701005,2.2149785534849213,2.2191343307495117,2876110
2022-12-21,2.235756461387561,2.2897803628113267,2.2108223987669726,2.277313232421875,2724058
2022-12-22,2.3188704034892,2.3188704034892,2.260690914004499,2.2856249809265137,1698025
2022-12-23,2.2690023390997194,2.3105591185751373,2.2523796273095527,2.3022477626800537,1293646
2022-12-28,2.2690022563869996,2.310559034347534,2.2690022563869996,2.310559034347534,1624057
2022-12-29,2.314829917893803,2.357538915637633,2.2934753171956057,2.348997116088867,2952988
2022-12-30,2.3660806216208887,2.3660806216208887,2.3148298263549805,2.3148298263549805,2337041
2023-01-03,2.3404556180011666,2.3404556180011666,2.263579412160276,2.280663013458252,1091490
2023-01-04,2.2977461105110386,2.2977461105110386,2.2550371166386776,2.272120714187622,2947115
2023-01-05,2.2892045289273844,2.297746328512269,2.2550373305878444,2.2635791301727295,3130085
2023-01-06,2.1952445048130116,2.2208699032755104,2.143993707888015,2.1781609058380127,6039294
2023-01-09,2.1952443825514694,2.2294115785985658,2.1867025835396956,2.220869779586792,2927813
2023-01-10,2.2208699954137767,2.237953595097531,2.2080573974772473,2.2123281955718994,2352244
2023-01-11,2.1952447396951915,2.2635793465592737,2.1952447396951915,2.255037546157837,2264815
2023-01-12,2.2977461105110386,2.2977461105110386,2.26357891541315,2.272120714187622,2502910
2023-01-13,2.2550376115112885,2.2892048141072396,2.2379538065607214,2.280663013458252,2257214
2023-01-16,2.2806625129620945,2.2977461105110386,2.2550371166386776,2.272120714187622,3663682
2023-01-17,2.2977466147562273,2.2977466147562273,2.272121212809264,2.280663013458252,2492505
2023-01-18,2.306287956956629,2.306287956956629,2.2806625601035337,2.2892043590545654,1138144
2023-01-19,2.280663013458252,2.3020174132544255,2.2550376115112885,2.280663013458252,1670958
2023-01-20,2.280662629511042,2.3191006241341943,2.272120830300057,2.3148298263549805,2070780
2023-01-23,2.3148298263549805,2.323371625565965,2.2763916280792706,2.3148298263549805,2249428
2023-01-24,2.2892047300616634,2.357539132744745,2.2892047300616634,2.3404555320739746,2353810
2023-01-25,2.357538915637633,2.366080715186399,2.331913516991335,2.348997116088867,3969871
2023-01-27,2.3319134247769497,2.348997023198919,2.297746227933011,2.3148298263549805,2255158
2023-01-30,2.348997310149383,2.348997310149383,2.314830109131623,2.331913709640503,1492842
2023-01-31,2.340455200421411,2.344725998157621,2.306288003921509,2.306288003921509,2117894
2023-02-01,2.3319137317385894,2.3660809330801302,2.314830131067819,2.3404555320739746,1593495
2023-02-02,2.357538938522339,2.3746225377857018,2.3489971388906574,2.357538938522339,1308962
2023-02-03,2.3831641907317196,2.417331387155427,2.3746223916257927,2.3917059898376465,2365557
2023-02-06,2.348997161527814,2.3831643603838075,2.3404553618138157,2.3660807609558105,2338452
2023-02-07,2.357539219299142,2.374622820597118,2.2678502106584744,2.280663013458252,3246287
2023-02-08,2.2464953325234505,2.2464953325234505,2.1781607382292165,2.2037861347198486,6254929
2023-02-09,2.2037863503710233,2.2123281500370906,2.1738901533660724,2.195244550704956,2271357
2023-02-10,2.1696193656731557,2.1952447671985174,2.1610775651647023,2.1867029666900635,3159939
2023-02-13,2.1781609058380127,2.212328103788011,2.161077306863014,2.1781609058380127,2076649
2023-02-14,2.1867026353949313,2.1867026353949313,2.1525354385375977,2.1525354385375977,3654339
2023-02-15,2.169619083404541,2.186702682198863,2.152535484610219,2.169619083404541,1942992
2023-02-16,2.178160996204391,2.2208699954137767,2.178160996204391,2.2123281955718994,2679039
2023-02-17,2.212328368215425,2.212328368215425,2.173890367753677,2.1867029666900635,1129921
2023-02-20,2.1610773520406874,2.2037863503710233,2.1610773520406874,2.195244550704956,3328717
2023-02-21,2.1952447671985174,2.1952447671985174,2.1525357646562484,2.1867029666900635,1502863
2023-02-22,2.1952444815960246,2.1952444815960246,2.152535484610219,2.169619083404541,2572112
2023-02-23,2.1696193656731557,2.1867029666900635,2.1525357646562484,2.1867029666900635,784564
2023-02-24,2.1952445958881452,2.237953595097531,2.1952445958881452,2.2123281955718994,1789824
2023-02-27,2.220870168723879,2.229411969232333,2.1696193656731557,2.1867029666900635,1675920
2023-02-28,2.1952445048130116,2.1952445048130116,2.1696191063505132,2.1781609058380127,3261685
2023-03-01,2.152535632053741,2.169619232018249,2.1311810302718186,2.1354520320892334,1806187
2023-03-02,2.1354519639175202,2.152535563336655,2.101284765079251,2.1098265647888184,2067582
2023-03-03,2.1354520320892334,2.186702831982757,2.1098266321424717,2.1354520320892334,1623921
2023-03-06,2.152535609332027,2.152535609332027,2.1098266098715848,2.1269102096557617,3955078
2023-03-07,2.1098266321424717,2.1354520320892334,2.088472030360549,2.1354520320892334,5828096
2023-03-08,2.1269103603292634,2.1269103603292634,2.0756595573460497,2.092743158340454,2867536
2023-03-09,2.118368341589734,2.126910141206928,2.0927429427381528,2.1012847423553467,4009750
2023-03-10,2.0756595354996827,2.092743136314282,2.0585759346850834,2.0842013359069824,3801029
2023-03-13,2.0671174058480912,2.0756592048948788,2.0329502096609415,2.0500338077545166,2684305
2023-03-14,2.0500338541413288,2.084201051101591,2.003053856494689,2.06711745262146,5660185
2023-03-15,2.101284936721582,2.118368537536181,2.067117735092383,2.0842013359069824,5327214
2023-03-16,2.0756595573460497,2.109826759334859,2.0671177568488472,2.092743158340454,3820329
2023-03-17,2.075659228475643,2.1098264250509535,2.0500338310441606,2.0585756301879883,10900791
2023-03-20,2.0500338077545166,2.0756592048948788,2.0372210073580588,2.0500338077545166,2391783
2023-03-21,2.067117429331816,2.084201027619471,2.054304628789797,2.0585756301879883,3783015
2023-03-22,2.07565942352563,2.07565942352563,2.0158666202475444,2.041492223739624,2520699
2023-03-23,2.0500340010101894,2.0500340010101894,2.0158665979495427,2.0329504013061523,2402298
2023-03-24,2.0329503437167147,2.0329503437167147,2.0073247412340085,2.0244083404541016,2434820
2023-03-27,2.041492143326761,2.058575742546854,2.0158665408440553,2.0244083404541016,2048220
2023-03-28,2.0329503437167147,2.0329503437167147,2.0073247412340085,2.0244083404541016,3211936
2023-03-29,2.0244082711060027,2.032950274076001,1.990241073836248,1.9987828731536865,2092041
2023-03-30,2.0073249340057373,2.0329505389493763,1.9987831335753865,2.0073249340057373,3715719
2023-03-31,2.0329505389493763,2.0414923393797273,1.9987831335753865,2.0073249340057373,3626752
2023-04-03,2.0158666202475444,2.0585758236326273,2.0158666202475444,2.041492223739624,3173169
2023-04-04,2.06711745262146,2.075659251861526,2.0414920549012634,2.06711745262146,3712902
2023-04-05,2.0842010039416663,2.092742802988454,2.0372210073580588,2.0500338077545166,1505529
2023-04-06,2.050033919726543,2.05857571923988,1.9987829189939559,2.01586651802063,2152712
2023-04-11,2.0585758236326273,2.0585758236326273,2.024408420194046,2.041492223739624,3242337
2023-04-12,2.0671174058480912,2.0671174058480912,2.024408206961601,2.0500338077545166,2419950
2023-04-13,2.041492223739624,2.0500340236861256,2.0329504237931224,2.041492223739624,2386562
2023-04-14,2.0329504013061523,2.041492201158171,2.0244083978015612,2.0329504013061523,1205334
2023-04-17,2.0500338310441606,2.0585756301879883,2.0201374322144865,2.0585756301879883,2909157
2023-04-18,2.0329502096609415,2.058575606801304,2.0158664079148134,2.0500338077545166,2393947
2023-04-19,2.0329502327565057,2.075659228475643,2.0244082299601227,2.0585756301879883,2117219
2023-04-20,2.0756592750549316,2.1012846730614663,2.0585756763839083,2.0756592750549316,3383807
2023-04-21,2.0842010743904433,2.1012846730614663,2.0713882735608955,2.0756592750549316,2597565
2023-04-24,2.1012847423553467,2.118368341589734,2.0671175438865714,2.1012847423553467,1684586
2023-04-26,2.118368364498386,2.1354519639175202,2.0884719636886158,2.1098265647888184,2775870
2023-04-27,2.0842013359069824,2.092743136314282,2.06284673306244,2.0842013359069824,4912500
2023-04-28,2.0927429427381528,2.1098265419725406,2.071388341868885,2.1012847423553467,4593860
2023-05-01,2.126910164207953,2.1354519639175202,2.1098265647888184,2.1098265647888184,992472
2023-05-02,2.1269100710680013,2.1439936697390247,2.0756592750549316,2.0756592750549316,2049774
2023-05-03,2.0585756533813946,2.075659251861526,2.045762852695017,2.06711745262146,2280325
2023-05-04,2.0500339888127233,2.126910187023486,2.0500339888127233,2.11836838722229,2821012
2023-05-05,2.143993425825003,2.169618820916234,2.126909829097516,2.1610770225524902,3171249
2023-05-08,2.1696193656731557,2.2037865677069712,2.1525357646562484,2.1867029666900635,4009310
2023-05-09,2.1696192547378077,2.1781610548095087,2.135452054451004,2.143993854522705,2891073
2023-05-10,2.1183680307337722,2.1824316202881175,2.109826232370029,2.1610770225524902,4809241
2023-05-11,2.178160882801702,2.178160882801702,2.152535484610219,2.169619083404541,2937893
2023-05-12,2.178160882801702,2.186702682198863,2.16107728400738,2.169619083404541,2690319
2023-05-15,2.135451885815897,2.1738900849294027,2.135451885815897,2.169619083404541,1947631
2023-05-16,2.152535654594406,2.1696192547378077,2.143993854522705,2.143993854522705,2550511
2023-05-17,2.1354520320892334,2.1439938320714873,2.1183684321247256,2.1354520320892334,2381702
2023-05-18,2.143993786625878,2.1525355864270734,2.1012847876198983,2.11836838722229,2439139
2023-05-19,2.1269102096557617,2.1439938094399387,2.1012848099794965,2.1269102096557617,2070662
2023-05-22,2.1354519639175202,2.143993763627088,2.101284765079251,2.1098265647888184,3707531
2023-05-23,2.1269102096557617,2.1439938094399387,2.114097407991342,2.1269102096557617,1354092
2023-05-24,2.135452054451004,2.1482648563848445,2.1183684543076025,2.143993854522705,2997605
2023-05-25,2.126910187023486,2.1525355864270734,2.1140973854954064,2.11836838722229,1651126
2023-05-26,2.1098265874210944,2.1354519868246817,2.1012847876198983,2.11836838722229,14653290
2023-05-29,2.143993639323264,2.1653482391853767,2.143993639323264,2.1525354385375977,1202665
2023-05-30,2.1354520320892334,2.1439938320714873,2.1269102321069795,2.1354520320892334,1720668
2023-05-31,2.1269102543793035,2.143993854522705,2.1098266542359014,2.143993854522705,5082974
2023-06-01,2.143993854522705,2.152535654594406,2.122639252517164,2.143993854522705,1680586
2023-06-02,2.152535654594406,2.1696192547378077,2.135452054451004,2.143993854522705,3399317
2023-06-05,2.178160619279977,2.178160619279977,2.1610770225524902,2.1610770225524902,1078474
2023-06-06,2.143993639323264,2.1696190369662647,2.1269100408945976,2.1525354385375977,2373692
2023-06-07,2.1610774092241156,2.1610774092241156,2.1098266098715848,2.1269102096557617,5937165
2023-06-08,2.1867027385272846,2.1952445381444785,2.0927429427381528,2.1012847423553467,2739424
2023-06-09,2.0842013359069824,2.0970139346916388,2.067117735092383,2.0842013359069824,3277535
2023-06-13,2.084201027619471,2.092742826763298,2.0329502327565057,2.0585756301879883,3357462
2023-06-14,2.0671175421569004,2.0756593417669467,2.0158665408440553,2.0244083404541016,4890209
2023-06-15,2.01586651802063,2.050033919726543,2.007324718507293,2.01586651802063,5879618
2023-06-16,2.01586651802063,2.041492120213206,2.007324718507293,2.01586651802063,6674624
2023-06-19,2.015866810607415,2.0244086113605255,1.9688870082916043,1.9902414083480835,4240676
2023-06-20,1.9902414083480835,1.998783209101194,1.964616006088752,1.9902414083480835,5389206
2023-06-21,1.9731578068418627,1.998783209101194,1.964616006088752,1.9902414083480835,6308860
2023-06-22,1.9816993528125202,1.9902411524674315,1.9304485548830528,1.9389903545379639,4964914
2023-06-23,1.9304485833560603,1.9304485833560603,1.8962813842324688,1.9048231840133667,4900014
2023-06-26,1.8877394891880241,1.9261776880885915,1.8877394891880241,1.9133648872375488,5933549
2023-06-27,1.9304483645481614,1.9731573586117728,1.9219065657354393,1.9560737609863281,5305104
2023-06-28,1.9560738765664931,2.007324672471125,1.9560738765664931,1.9987828731536865,4092029
2023-06-29,2.0137979984283447,2.031462876526509,1.9961331203301806,2.0137979984283447,4370078
2023-06-30,1.9961335795032868,2.0049660205841064,1.9828848125910543,2.0049660205841064,3690303
2023-07-03,1.9873006966403595,2.022630453109741,1.9784682575230141,2.022630453109741,3087964
2023-07-04,2.0314628922270868,2.0314628922270868,1.996133135757705,2.022630453109741,2225489
2023-07-05,2.0226309027457456,2.031463343826565,1.9961335795032868,2.0049660205841064,3472902
2023-07-06,1.9961335795032868,2.0226309027457456,1.9784686973416477,2.0049660205841064,3709016
2023-07-07,1.987300738214166,1.987300738214166,1.9563870953657723,1.9784682989120483,3081991
2023-07-10,1.987300963253817,1.987300963253817,1.951971202044645,1.969636082649231,1852013
2023-07-11,1.9784682422320163,2.0137979984283447,1.9784682422320163,2.0137979984283447,2024557
2023-07-12,2.0314629077911377,2.049127786161168,2.00938191511958,2.0314629077911377,3380101
2023-07-13,2.0667927567215356,2.093290075458507,2.0579603171425447,2.0844576358795166,3079544
2023-07-14,2.084457620712845,2.0932900602275706,2.0491278626539446,2.07562518119812,2787635
2023-07-17,2.0579605663846987,2.1021229802101864,2.0579605663846987,2.093290328979492,1938272
2023-07-18,2.102122725619468,2.102122725619468,2.075625196300526,2.0844576358795166,6201683
2023-07-19,2.093290162601654,2.1374525729170473,2.084457722654971,2.1197876930236816,2793133
2023-07-20,2.1286201329703647,2.1374525729170473,2.1197876930236816,2.1197876930236816,1745284
2023-07-21,2.1197876930236816,2.1286201329703647,2.097706487865985,2.1197876930236816,1623239
2023-07-24,2.1197877076972556,2.1374525877129007,2.1065389423945313,2.128620147705078,2184979
2023-07-25,2.1197876930236816,2.1286201329703647,2.093290162601654,2.1197876930236816,2569726
2023-07-26,2.093290162601654,2.1374525729170473,2.093290162601654,2.1197876930236816,2437312
2023-07-27,2.1462851283648745,2.208112211318845,2.133036362440886,2.1904473304748535,2836587
2023-07-28,2.1551174971964637,2.172782377453649,2.102122856424907,2.146285057067871,3802702
2023-07-31,2.1197877222495602,2.15070115719817,2.1197877222495602,2.1374526023864746,2373936
2023-08-01,2.1551174971964637,2.1639499373250564,2.1286201768106854,2.146285057067871,2177907
2023-08-02,2.1286201031294745,2.137452542952336,2.0977064584584695,2.1021227836608887,1679358
2023-08-03,2.1109551651984586,2.1109551651984586,2.075625196300526,2.0844576358795166,2748596
2023-08-04,2.07562518119812,2.084457620712845,2.0447117481875665,2.07562518119812,2315076
2023-08-07,2.084457888330794,2.1065390952435377,2.0756254476820954,2.093290328979492,1523361
2023-08-08,2.084457888330794,2.1109554208588848,2.084457888330794,2.093290328979492,2079453
2023-08-09,2.093290075458507,2.097706400538988,2.075625196300526,2.0844576358795166,2892673
2023-08-10,2.0844576358795166,2.093290075458507,2.071209081802016,2.0844576358795166,1823174
2023-08-11,2.075625196300526,2.097706400538988,2.071209081802016,2.0844576358795166,987014
2023-08-14,2.075625405404095,2.1021229373924633,2.0623768499919026,2.0667929649353027,1563901
2023-08-15,2.013798461664926,2.0182147874963388,1.9387226071869563,2.0049660205841064,4384963
2023-08-16,2.00496553711301,2.00496553711301,1.9210572617875987,1.934306025505066,4170293
2023-08-17,1.9166411476030798,1.934306025505066,1.8813113917991078,1.934306025505066,3216497
2023-08-18,1.9343061598313973,1.9563871534512989,1.9078088411383334,1.943138599395752,3157655
2023-08-21,1.934306234370281,1.95197111417971,1.9078089146561374,1.916641354560852,1850746
2023-08-22,1.9166413397157596,1.9166413397157596,1.8989764600431516,1.9078088998794556,3120542
2023-08-23,1.9078088998794556,1.9254737795520636,1.8989764600431516,1.9078088998794556,1779687
2023-08-24,1.9343063256942221,1.9343063256942221,1.8989765644073486,1.8989765644073486,8439410
2023-08-25,1.8901441097259521,1.8989765499805693,1.8724790186347315,1.8901441097259521,4760213
2023-08-28,1.890144052500982,1.8989764924881931,1.854814081970158,1.87247896194458,2374258
2023-08-29,1.881311669471335,1.8901441097259521,1.8636465783801144,1.8901441097259521,2299184
2023-08-30,1.9078088998794556,1.9166413397157596,1.8768952551614033,1.9078088998794556,5608977
2023-08-31,1.9254737795520636,1.9254737795520636,1.8989764600431516,1.9078088998794556,13711250
2023-09-01,1.8989765644073486,1.9166414450507854,1.8813116837639117,1.8989765644073486,3001666
2023-09-04,1.898976474751423,1.9210574692222202,1.8813115949419938,1.916641354560852,2611111
2023-09-05,1.8989765499805693,1.9078089902351865,1.881311669471335,1.8901441097259521,1667737
2023-09-06,1.8901440375978733,1.8989764775154436,1.8636465072631836,1.8636465072631836,3568406
2023-09-07,1.8636465978030177,1.876895363614015,1.8327331618806713,1.8459817171096802,2695684
2023-09-08,1.8548141717910769,1.876895378119395,1.8415656164596779,1.8548141717910767,2150515
2023-09-11,1.8371492767630115,1.8724790381496865,1.8327331618806713,1.8459817171096802,3554701
2023-09-12,1.8371492909612182,1.863646612206006,1.8106519697164303,1.8548141717910767,3903801
2023-09-13,1.8459814631412144,1.8548139022727241,1.8106517066151753,1.8371490240097046,2126283
2023-09-14,1.828316747592902,1.8813115976803028,1.8194843076753315,1.8636465072631836,3515992
2023-09-15,1.8989764924881931,1.9254738124498263,1.87247896194458,1.87247896194458,5916008
2023-09-18,1.881311612513771,1.8989764924881931,1.8680628472419645,1.87247896194458,1776041
2023-09-19,1.8548140673456133,1.8724789471807541,1.8371491875104724,1.8636465072631836,2153818
2023-09-20,1.8459817171096802,1.8724790381496865,1.8415656022273401,1.8459817171096802,3409007
2023-09-21,1.8371492479550564,1.8636465685795636,1.8283168077468872,1.8283168077468872,5300332
2023-09-22,1.8018194727896693,1.8371492333413124,1.8018194727896693,1.8194843530654907,3104150
2023-09-25,1.8194843530654907,1.8371492333413124,1.8018194727896693,1.8194843530654907,2074561
2023-09-26,1.7929868850824393,1.8018193244934082,1.7664895668495322,1.8018193244934082,6422905
2023-09-27,1.8018194583171272,1.819484338451061,1.7841545781831931,1.8106518983840942,3162730
2023-09-28,1.7929868850824393,1.8106517639043773,1.7929868850824393,1.8018193244934082,2797027
2023-09-29,1.8106518538896685,1.8150681791056176,1.7841545343399048,1.7841545343399048,3223072
2023-10-02,1.7753220944899837,1.8062357392556962,1.7753220944899837,1.7841545343399048,1341057
2023-10-03,1.757657214790141,1.7974032994057751,1.7532409948651806,1.7841545343399048,4416490
2023-10-04,1.7753220646787184,1.784154504380325,1.7532409654247019,1.7664896249771118,4399916
2023-10-05,1.7753220062605013,1.8018193244934082,1.770905891846,1.8018193244934082,2330050
2023-10-06,1.8018194727896693,1.8283167932034017,1.8018194727896693,1.8194843530654907,2604011
2023-10-09,1.8283167932034017,1.8283167932034017,1.7929870326517585,1.8194843530654907,1648696
2023-10-10,1.8283165848781948,1.8459814631412144,1.819484145746685,1.8371490240097046,3680329
2023-10-11,1.8548140673456133,1.8724789471807541,1.8371491875104724,1.8636465072631836,2815587
2023-10-12,1.881311669471335,1.8989765499805693,1.8636465783801144,1.8901441097259521,4909071
2023-10-13,1.8636465978030177,1.8636465978030177,1.8283168364163427,1.8459817171096802,3423225
2023-10-16,1.8283165848781948,1.8459814631412144,1.8283165848781948,1.8371490240097046,1327089
2023-10-17,1.8901441440327842,1.8901441440327842,1.8371492909612182,1.8548141717910767,2694207
2023-10-18,1.845981641982947,1.87247896194458,1.845981641982947,1.87247896194458,1431669
2023-10-19,1.8548141717910769,1.8548141717910769,1.8239007356298194,1.8548141717910767,2928984
2023-10-20,1.8194843960696738,1.8636465978030177,1.8018195153763363,1.8459817171096802,4042712
2023-10-23,1.8106518677577612,1.868062832512958,1.8106518677577612,1.8636465072631836,2580777
2023-10-24,1.8548139022727241,1.8724787805357437,1.8371490240097046,1.8371490240097046,1828846
2023-10-25,1.819484308790249,1.8283167487132317,1.7841545490983186,1.7929869890213013,3059068
2023-10-26,1.7841546174997107,1.7841546174997107,1.7377842534807981,1.7620735168457031,5321144
2023-10-27,1.7664897297303774,1.77532216995575,1.7488248492796326,1.7576572895050049,2251294
2023-10-30,1.726743594157433,1.7355760335922241,1.7002461705620755,1.7355760335922241,2733655
2023-10-31,1.7311598138748285,1.7576571321792023,1.7311598138748285,1.7355760335922241,3198206
2023-11-01,1.7223274264690787,1.7753220646787184,1.7179112066182753,1.7664896249771118,2590435
2023-11-02,1.8018193244934082,1.8194842033153462,1.7929868850824393,1.8018193244934082,1976250
2023-11-03,1.8371490240097046,1.8459814631412144,1.8239004706034199,1.8371490240097046,1725314
2023-11-06,1.8548141283713946,1.8548141283713946,1.8283168077468872,1.8283168077468872,2021813
2023-11-07,1.8106519557230052,1.8636465978030177,1.8062358408406651,1.8459817171096802,2771378
2023-11-08,1.8548141717910769,1.863646612206006,1.8371492909612182,1.8548141717910767,6160632
2023-11-09,1.8636465072631836,1.8724789471807541,1.8371491875104724,1.8636465072631836,3976088
2023-11-10,1.8371491875104724,1.8724789471807541,1.828316747592902,1.8636465072631836,3327579
2023-11-13,1.854814157456349,1.8680629232673465,1.8371492767630115,1.8459817171096802,1720983
2023-11-14,1.8459817313761475,1.8680629377044657,1.8415656164596779,1.8548141717910767,2882278
2023-11-15,1.890144049352259,1.9343062492147458,1.890144049352259,1.9254738092422485,1776547
2023-11-16,1.9343063109990382,1.9519711915082725,1.881311669471335,1.8901441097259521,2061937
2023-11-17,1.8901441240856303,1.907809004729067,1.8724790328602055,1.8989765644073486,1289727
2023-11-20,1.8901440375978733,1.8989764775154436,1.8548140673456133,1.8636465072631836,2609930
2023-11-21,1.8724789938929556,1.8724789938929556,1.81065191292758,1.8194843530654907,6208309
2023-11-22,1.810651823485145,1.8194842631867516,1.7664896249771118,1.7664896249771118,4291482
2023-11-23,1.7664895212661664,1.7929868388153236,1.757657082083114,1.7753219604492188,2541925
2023-11-24,1.7841545490983186,1.7974033142737817,1.7664896692523533,1.7929869890213013,2142100
2023-11-27,1.7929870206138774,1.8018194606924884,1.739992380142212,1.739992380142212,1949558
2023-11-28,1.7444084233085355,1.7929868388153236,1.7444084233085355,1.7753219604492188,2481190
2023-11-29,1.7841545925138476,1.8283167932034017,1.7841545925138476,1.8194843530654907,5162087
2023-11-30,1.8371492479550564,1.8371492479550564,1.7841546067060416,1.8283168077468872,3947362
2023-12-01,1.810651927330549,1.8371492479550564,1.8062358125174571,1.8283168077468872,2459173
2023-12-04,1.8459817313761475,1.8680629377044657,1.8327331760447485,1.8548141717910767,1901130
2023-12-05,1.8371492333413124,1.8548141136171339,1.81065191292758,1.8194843530654907,2691415
2023-12-06,1.8283168173616455,1.8901441097259521,1.8194843771070284,1.8901441097259521,4514024
2023-12-07,1.898976474751423,1.9254737944655664,1.8813115949419938,1.916641354560852,3165234
2023-12-08,1.9078089724256104,1.9608036134586035,1.89456020687637,1.951971173286438,4393882
2023-12-11,1.9608036134586035,1.9608036134586035,1.916641412597776,1.951971173286438,2074056
2023-12-12,1.9608034203078128,1.987300738214166,1.9343061024014596,1.9784682989120483,3455642
2023-12-13,1.9873010062002545,2.013798327679752,1.9608036847207568,1.9961334466934204,2886350
2023-12-14,2.057960271835327,2.0932900293734837,2.044711718049501,2.057960271835327,4203699
2023-12-15,2.084457620712845,2.0932900602275706,2.0447117481875665,2.07562518119812,12649729
2023-12-18,2.049127770461778,2.057960209579123,2.0137980139923957,2.022630453109741,3164725
2023-12-19,2.0137979984283447,2.031462876526509,1.9784682422320163,2.0137979984283447,4575882
2023-12-20,2.057960225346183,2.0667926645311985,1.9873007118660617,2.0314629077911377,3110502
2023-12-21,2.0049655748750506,2.0402953313444323,1.996133135757705,2.022630453109741,4494613
2023-12-22,2.031463208666084,2.031463208666084,1.9961334466934204,1.9961334466934204,1805316
2023-12-27,2.0137980294211073,2.049127786161168,2.004965590236092,2.0314629077911377,2375176
2023-12-28,2.119708514816127,2.119708514816127,2.0196365311687505,2.0651237964630127,3175129
2023-12-29,2.0924162730169886,2.0924162730169886,2.0560264587402344,2.0560264587402344,3357114
2024-01-02,2.07422123368163,2.083318686671008,2.0196365157453635,2.028733968734741,1430843
2024-01-03,1.9832465739417402,2.02873383591051,1.9832465739417402,2.001441478729248,2140590
2024-01-04,2.0014415898723,2.0014415898723,1.9832466840744019,1.9832466840744019,1448295
2024-01-05,2.001441478729248,2.010538931123002,1.974149121547986,2.001441478729248,1393362
2024-01-08,1.9741492311754527,1.9923441369733512,1.9741492311754527,1.9832466840744019,1084832
2024-01-09,2.0014415898723,2.0105390427712497,1.9786978491747342,1.9832466840744019,2741640
2024-01-10,2.001441478729248,2.001441478729248,1.9832465739417402,2.001441478729248,1698209
2024-01-11,2.0105391775033667,2.0241852493160604,1.9923442704861742,2.019636631011963,1070639
2024-01-12,2.00144172399477,2.028734084520559,1.9923442704861742,2.019636631011963,1310949
2024-01-15,2.019636747321698,2.0287342013542116,1.9923443852241578,2.0105392932891846,295213
2024-01-16,2.0105389265432425,2.0196363789162737,1.9741491170511178,1.9923440217971802,1095008
2024-01-17,1.9923440263354941,2.010538931123002,1.974149121547986,2.001441478729248,3269333
2024-01-18,1.9650516102384783,1.9741490623594746,1.9286615848541262,1.928661584854126,4003318
2024-01-19,1.9559543091696943,1.974149214816822,1.9286617337986183,1.9468568563461304,1913788
2024-01-22,1.974149214816822,1.974149214816822,1.9468568563461304,1.9468568563461304,2609776
2024-01-23,1.9377592894924849,1.9650516463571206,1.9377592894924849,1.9559541940689087,2280447
2024-01-24,1.9741491170511178,1.9923440217971802,1.9377593075589934,1.9923440217971802,2454523
2024-01-25,2.0105389265432425,2.0105389265432425,1.9696002824144154,1.9923440217971802,3893745
2024-01-29,2.0105391775033667,2.0332827028246565,2.00144172399477,2.019636631011963,3050157
2024-01-30,2.028733968734741,2.037831421724119,2.0059902278111026,2.028733968734741,2006823
2024-01-31,2.028733984227603,2.069672631442634,2.0196365311687505,2.0651237964630127,3833869
2024-02-01,2.0651238985549436,2.0651238985549436,2.0105391775033667,2.019636631011963,2469519
2024-02-02,2.046928890345308,2.074221249521865,2.0378314372864557,2.0651237964630127,3438591
2024-02-05,2.0560264519544242,2.065123905493587,2.0196366377977726,2.0378315448760986,1802773
2024-02-06,2.028734091336936,2.0560264519544242,1.987795441960502,2.0378315448760986,2198863
2024-02-07,2.056026335623301,2.0833186946965725,2.037831429574453,2.046928882598877,3701764
2024-02-08,2.065123690276711,2.1015135006409986,2.060575072431365,2.0924160480499268,10440171
2024-02-09,2.092416408451828,2.1197087709259335,2.083318954293793,2.1015138626098633,3882893
2024-02-12,2.1197086405978074,2.1197086405978074,2.0651239190056825,2.07422137260437,1832313
2024-02-13,2.083318595458855,2.0924160480499268,2.0696725250224364,2.0924160480499268,1400732
2024-02-14,2.046929005171046,2.0696727475442183,2.0378315516018572,2.0560264587402344,2997599
2024-02-15,2.074221257234469,2.092416163419828,2.065123804141789,2.0833187103271484,1925436
2024-02-16,2.1197086405978074,2.1242574758473527,2.07422137260437,2.07422137260437,1768435
2024-02-19,2.083318812571913,2.083318812571913,2.0196366377977726,2.0378315448760986,2311115
2024-02-20,2.0469289984152614,2.0469289984152614,2.01053918425861,2.0378315448760986,1015229
2024-02-21,2.028733968734741,2.0560263277028747,2.010539062755986,2.028733968734741,1861173
2024-02-22,2.0469289984152614,2.0560264519544242,2.001441730719447,2.0378315448760986,2515556
2024-02-23,2.0560264587402344,2.0833188194478,2.0378315516018572,2.0560264587402344,1546293
2024-02-26,2.083318812571913,2.083318812571913,2.0378315448760986,2.0378315448760986,1439888
2024-02-27,2.0378316553867246,2.0378316553867246,2.001441839256671,2.0105392932891846,2269370
2024-02-28,2.0105392932891846,2.019636747321698,1.9741494771591308,2.0105392932891846,2544214
2024-02-29,2.0105392932891846,2.0241853658877482,1.9832469311916443,2.0105392932891846,3612216
2024-03-01,2.0287342013542116,2.0287342013542116,1.9741494771591308,2.0105392932891846,1421568
2024-03-04,2.0196366377977726,2.0605752871742067,2.0196366377977726,2.0378315448760986,1405962
2024-03-05,2.0378316553867246,2.0378316553867246,2.0059904578227212,2.0105392932891846,1632384
2024-03-06,2.010539062755986,2.042380039768614,2.001441609766608,2.028733968734741,1873460
2024-03-07,2.0560265634517516,2.0560265634517516,1.978698095725181,2.0105392932891846,4003888
2024-03-08,2.028733976550029,2.0651237886477247,2.0105390705011814,2.046928882598877,2623458
2024-03-11,2.0196363835167563,2.02873383591051,2.001441478729248,2.001441478729248,2533328
2024-03-12,2.0014414741702113,2.015087544279571,1.9877951871604778,1.9923440217971802,5323584
2024-03-13,2.0014414741702113,2.015087544279571,1.9877951871604778,1.9923440217971802,3129872
2024-03-14,1.9832469311916443,2.019636747321698,1.9741494771591308,2.0105392932891846,2969634
2024-03-15,1.9923441567772302,2.046928874713497,1.9923441567772302,2.028733968734741,23221108
2024-03-18,2.037831429574453,2.056026335623301,2.0196365235256053,2.046928882598877,3340438
2024-03-19,2.0560263510491095,2.092416163419828,2.0560263510491095,2.0833187103271484,3627479
2024-03-20,2.092416163419828,2.1015136165125075,2.0833187103271484,2.0833187103271484,2121227
2024-03-21,2.110611084896828,2.1470008975311954,2.0924161785796445,2.11970853805542,6236471
2024-03-22,2.083318954293793,2.1379036792420036,2.074221500135758,2.1015138626098633,3107190
2024-03-25,2.101513746676482,2.1379035613011204,2.0969651282986046,2.1106112003326416,3265285
2024-03-26,2.092416065117091,2.1288058757781982,2.092416065117091,2.1288058757781982,2409681
2024-03-27,2.1379034519195557,2.147000905110262,2.1288059987288492,2.1379034519195557,2188446
2024-03-28,2.165196064723049,2.183390971409764,2.1560983944792946,2.1742935180664062,9191730
2024-04-02,2.147000905110262,2.183390934773481,2.1379034519195557,2.1379034519195557,2243859
2024-04-03,2.1379034209338323,2.1379034209338323,2.0514777253249292,2.0651237964630127,4574559
2024-04-04,2.0833187103271484,2.1015136165125075,2.074221257234469,2.0833187103271484,2587207
2024-04-05,2.0469290118083077,2.0969651150512902,2.0469290118083077,2.07422137260437,1703210
2024-04-08,2.0833187103271484,2.1015136165125075,2.074221257234469,2.0833187103271484,1129057
2024-04-09,2.0833188262030573,2.092416279801745,2.0560264654069953,2.07422137260437,2843650
2024-04-10,2.083318595458855,2.096964882795652,2.0787699776135082,2.0924160480499268,2694789
2024-04-11,2.046928882598877,2.0605751705857074,2.0196365235256053,2.046928882598877,1635913
2024-04-12,2.0378315448760986,2.0469289984152614,2.0196366377977726,2.0378315448760986,1351545
2024-04-15,2.0196363835167563,2.0469287406980183,1.9968926440821841,2.001441478729248,1787117
2024-04-16,1.9832466840744019,2.0014415898723,1.946856872478605,1.9832466840744019,4269341
2024-04-17,1.9832466840744019,2.0105390427712497,1.9832466840744019,1.9832466840744019,3339301
2024-04-18,1.9832469311916443,2.0105392932891846,1.9832469311916443,2.0105392932891846,1323682
2024-04-19,1.983246799781338,1.9923442532110525,1.937759532632766,1.9741493463516235,1495429
2024-04-22,2.0105392932891846,2.0105392932891846,1.9923443852241578,2.0105392932891846,1206433
2024-04-23,2.0287342013542116,2.0332828199202613,2.001441839256671,2.0105392932891846,1281752
2024-04-24,2.0287338312893044,2.0287338312893044,1.983246569424149,1.9923440217971802,1700283
2024-04-26,1.9741492230718716,1.9741492230718716,1.946856864487055,1.9650517702102661,1613914
2024-04-29,2.0014414741702113,2.0105389265432425,1.983246569424149,1.9923440217971802,1773296
2024-04-30,2.001441478729248,2.001441478729248,1.9832465739417402,2.001441478729248,1330301
2024-05-01,1.946856864487055,1.9741492230718716,1.946856864487055,1.9650517702102661,1306505
2024-05-02,1.9741493463516235,1.983246799781338,1.9559544394921948,1.9741493463516235,2161808
2024-05-03,1.9923440217971802,2.0014414741702113,1.9741491170511178,1.9923440217971802,2102624
2024-05-06,2.0014415898723,2.019636495670199,1.9741492311754527,1.9832466840744019,1711574
2024-05-07,2.001441839256671,2.0105392932891846,1.9741494771591308,2.0105392932891846,2755780
2024-05-08,2.037831538029155,2.0469289915377513,2.0105391775033667,2.019636631011963,1243495
2024-05-09,2.0196363789162737,2.0287338312893044,1.9650516646780867,1.9923440217971802,2214967
2024-05-10,1.9923440217971802,2.0014414741702113,1.983246569424149,1.9923440217971802,1129450
2024-05-13,1.983246799781338,1.9968928714757104,1.9559544394921948,1.9741493463516235,1914898
2024-05-14,1.9741492230718716,1.9786978410524818,1.951405482467665,1.9650517702102661,1771807
2024-05-15,1.983246799781338,1.9923442532110525,1.9650518929219092,1.9741493463516235,1387129
2024-05-16,2.010539062755986,2.037831421724119,2.010539062755986,2.028733968734741,1912496
2024-05-17,2.0014415898723,2.0014415898723,1.9741492311754527,1.9832466840744019,1191268
2024-05-20,1.9923442532110525,1.9923442532110525,1.9605030577568525,1.9741493463516235,1810169
2024-05-21,1.9741493463516235,1.9741493463516235,1.9559544394921948,1.9741493463516235,4273098
2024-05-22,1.9832466840744019,1.9923441369733512,1.9741492311754527,1.9832466840744019,2425498
2024-05-23,1.9650517619932582,1.9650517619932582,1.9423080214841562,1.9468568563461304,2082646
2024-05-24,1.9286615848541262,1.9423078714858042,1.9195641327331299,1.928661584854126,2352114
2024-05-27,1.9377594035225665,1.9468568563461304,1.9286617337986183,1.9468568563461304,1609034
2024-05-28,1.946856864487055,1.9650517702102661,1.946856864487055,1.9650517702102661,1759052
2024-05-29,1.946856705996486,1.946856705996486,1.9195641327331299,1.928661584854126,2701950
2024-05-30,1.9195641327331299,1.93775925387549,1.9104666806121338,1.928661584854126,1876826
2024-05-31,1.9650518787151798,1.9650518787151798,1.9195643949950696,1.937759518623352,5909082
2024-06-03,1.9741492311754527,1.9923441369733512,1.9650517782765036,1.9832466840744019,2459749
2024-06-04,1.983246667640386,1.983246667640386,1.9468568563461304,1.9468568563461304,2034751
2024-06-05,1.9650517702102661,1.9832466759334773,1.9559543173486604,1.9650517702102661,2531649
2024-06-06,1.9923441287950827,1.9923441287950827,1.9650517702102661,1.9650517702102661,1778444
2024-06-07,1.9923440263354941,2.0196363835167563,1.9832465739417402,2.001441478729248,2482143
2024-06-11,1.9741493463516235,1.9968928714757104,1.9696005111865669,1.9741493463516235,3115428
2024-06-12,1.9832466759334773,1.9923441287950827,1.9650517702102661,1.9650517702102661,1259598
2024-06-13,1.9832469311916443,2.0105392932891846,1.9832469311916443,2.0105392932891846,2911033
2024-06-14,2.010538931123002,2.010538931123002,1.98779519168843,2.001441478729248,1970480
2024-06-17,2.00144172399477,2.028734084520559,1.9923442704861742,2.019636631011963,2348589
2024-06-18,2.037831421724119,2.046928874713497,2.0196365157453635,2.028733968734741,2613327
2024-06-19,2.037831421724119,2.0651237806922524,2.028733968734741,2.028733968734741,3667547
2024-06-20,2.0287340980326687,2.0560264587402344,2.01963664446348,2.0560264587402344,6049894
2024-06-21,2.065123905493587,2.065123905493587,2.028734091336936,2.0378315448760986,3985808
2024-06-24,2.0469289984152614,2.0560264519544242,2.028734091336936,2.0378315448760986,1790639
2024-06-25,2.0469289984152614,2.0560264519544242,2.0378315448760986,2.0378315448760986,2137920
2024-06-26,2.037831288304264,2.056026193091772,2.001441478729248,2.001441478729248,5017080
2024-06-27,1.982648491859436,1.992044921715507,1.9544592022912233,1.982648491859436,3265944
2024-06-28,2.0108381228862724,2.0296309836958906,1.9732521772384644,1.9732521772384644,2425790
2024-07-01,1.9732522015574119,2.020234578189054,1.9685540983113927,2.001441717147827,1274128
2024-07-02,2.0014414598214634,2.015535991775955,1.9826483771678982,1.9920448064804077,1537938
2024-07-03,2.001441601789772,2.0202344617478256,1.992044947782183,2.010838031768799,1570783
2024-07-04,2.039027205274727,2.039027205274727,1.9920448340337864,2.0202343463897705,1935907
2024-07-05,2.0108381476684403,2.0108381476684403,1.9920450625986388,2.001441717147827,2144315
2024-07-08,2.001441717147827,2.0108381476684403,1.9920450625986388,2.001441717147827,1500402
2024-07-09,2.0296310087096674,2.0390274392302805,2.001441717147827,2.001441717147827,2536248
2024-07-10,2.0108381476684403,2.020234578189054,1.9826486320780252,2.001441717147827,2422650
2024-07-11,2.0296306803304245,2.067216396331787,2.0108378223297434,2.067216396331787,1846811
2024-07-12,2.0860094039807486,2.151784411701768,2.0766129743063173,2.1329915523529053,4944016
2024-07-15,2.142388105392456,2.1611809658234677,2.1235952449614444,2.142388105392456,3581529
2024-07-16,2.1517844200134277,2.1611808497241545,2.142387990302701,2.1517844200134277,2237276
2024-07-17,2.179973700725062,2.208162989748356,2.1329915523529053,2.1329915523529053,5766170
2024-07-18,2.1423880906752384,2.1658792780669134,2.0954059399204543,2.104802370071411,15675166
2024-07-19,2.0766129578320855,2.0954058170318604,2.0766129578320855,2.0954058170318604,2334760
2024-07-22,2.1235953409920145,2.132991771632434,2.076613187789917,2.076613187789917,2787972
2024-07-23,2.0954059325286987,2.1048023626465087,2.0860095024108887,2.0860095024108887,1938921
2024-07-24,2.076613187789917,2.095406049070756,2.057820326509078,2.076613187789917,2429851
2024-07-25,2.0578201971395353,2.071914730199791,2.0484237670898438,2.0484237670898438,1763086
2024-07-26,2.0672167571494975,2.095406049070756,2.0672167571494975,2.076613187789917,4276338
2024-07-29,2.104802370071411,2.114198800222368,2.0766130796185407,2.104802370071411,2124062
2024-07-30,2.086009387431973,2.0954058170318604,2.067216528232198,2.0954058170318604,1314610
2024-07-31,2.1329915523529053,2.151784411701768,2.1048022633296113,2.1329915523529053,5473377
2024-08-01,2.151784411701768,2.1611808413761993,2.1141986930040426,2.1329915523529053,2032423
2024-08-02,2.0860095097694975,2.1235952303733248,2.0860095097694975,2.104802370071411,2010624
2024-08-05,2.0484237670898438,2.071914730199791,2.0296309069904606,2.0484237670898438,2378458
2024-08-06,2.0296309069904606,2.0766130572389185,2.020234476940769,2.0484237670898438,2533740
2024-08-07,2.0390271093307653,2.1048021123331497,2.0390271093307653,2.067216396331787,3766223
2024-08-08,2.0766130722930787,2.1095004656911307,2.048423781939649,2.0860095024108887,2659339
2024-08-09,2.1048022633296113,2.1423879820273366,2.09540583365518,2.1329915523529053,4688762
2024-08-12,2.1517844032423454,2.1517844032423454,2.104802255054892,2.114198684692383,1176396
2024-08-13,2.048423796263798,2.1423880980989676,2.048423796263798,2.1235952377319336,4032716
2024-08-14,2.151784632913273,2.151784632913273,2.076613187789917,2.076613187789917,2161075
2024-08-15,2.0954059325286987,2.1048023626465087,2.067216642175269,2.0860095024108887,2629573
2024-08-16,2.114198800222368,2.1235952303733248,2.0860095097694975,2.104802370071411,6113258
2024-08-19,2.114198800222368,2.1329916605242816,2.104802370071411,2.104802370071411,1898448
2024-08-20,2.1141987927643187,2.1141987927643187,2.0766130722930787,2.0860095024108887,1700461
2024-08-21,2.067216642175269,2.0954059325286987,2.067216642175269,2.0860095024108887,1510978
2024-08-22,2.1048022466317478,2.1048022466317478,2.081311060617753,2.0954058170318604,1286069
2024-08-23,2.0860096184303365,2.100104152376677,2.0672167571494975,2.076613187789917,1532939
2024-08-26,2.0954058254174015,2.114198684692383,2.0954058254174015,2.114198684692383,1370248
2024-08-27,2.1235952377319336,2.1376899950214927,2.1141988075484166,2.1235952377319336,1787650
2024-08-28,2.1235952377319336,2.1611809584660016,2.1188971346544587,2.1235952377319336,2952685
2024-08-29,2.1235952303733248,2.1235952303733248,2.104802370071411,2.104802370071411,4112617
2024-08-30,2.1141988075484166,2.1329916679154506,2.1048023773648996,2.1235952377319336,3411887
2024-09-02,2.1235952377319336,2.1423880980989676,2.1048023773648996,2.1235952377319336,1684178
2024-09-03,2.1235952377319336,2.1423880980989676,2.1141988075484166,2.1235952377319336,1382334
2024-09-04,2.1048022466317478,2.114198676231635,2.0766129578320855,2.0954058170318604,2193776
2024-09-05,2.0954058170318604,2.1235951058315226,2.0954058170318604,2.0954058170318604,1846803
2024-09-06,2.067216528232198,2.1001039198175278,2.057820098632311,2.0954058170318604,3811695
2024-09-09,2.067216649467584,2.104802370071411,2.067216649467584,2.104802370071411,4286213
2024-09-10,2.1141987011705208,2.1611808497241545,2.1141987011705208,2.1517844200134277,3078092
2024-09-11,2.1517843054240626,2.1799735930550734,2.1517843054240626,2.1611807346343994,2489203
2024-09-12,2.170577295771576,2.208163014897369,2.1517844362086795,2.1893701553344727,2540649
2024-09-13,2.2175594446788174,2.2363525282702716,2.1799737255530243,2.1893701553344727,3926861
2024-09-16,2.1611808659901275,2.2175594446788174,2.1517844362086795,2.1893701553344727,3250596
2024-09-17,2.198766585115921,2.208163014897369,2.1611808659901275,2.1893701553344727,2966572
2024-09-18,2.179973840713501,2.18937027099133,2.170577410435672,2.179973840713501,1450639
2024-09-19,2.226955882626808,2.226955882626808,2.194068490285415,2.208163022994995,5621626
2024-09-20,2.1987667153584662,2.2363526607391964,2.1987667153584662,2.217559576034546,7969690
2024-09-23,2.1893701553344727,2.2175594446788174,2.184672052458027,2.1893701553344727,3838267
2024-09-24,2.1799737255530243,2.208163014897369,2.170577295771576,2.1893701553344727,2233159
2024-09-25,2.208163022994995,2.2128613499172274,2.189370163363183,2.208163022994995,2525274
2024-09-26,2.217559576034546,2.2363526607391964,2.2081631456965063,2.217559576034546,2477257
2024-09-27,2.198766585115921,2.2269558744602658,2.1799737255530243,2.1893701553344727,2766600
2024-09-30,2.1987665685670614,2.208162998277788,2.142387990302701,2.1517844200134277,4764550
2024-10-01,2.1423882337570057,2.1893703876495447,2.1235953721999903,2.1705775260925293,3241565
2024-10-02,2.170577279434881,2.175275606304522,2.142387990302701,2.1517844200134277,1499708
2024-10-03,2.151784664535514,2.179973956871037,2.1423882337570057,2.1705775260925293,3240425
2024-10-04,2.1517845356079617,2.170577396038974,2.142388105392456,2.142388105392456,2599929
2024-10-07,2.151784411701768,2.151784411701768,2.1048022633296113,2.1329915523529053,987222
2024-10-08,2.1141986930040426,2.151784411701768,2.1048022633296113,2.1329915523529053,1721249
2024-10-09,2.1423879820273366,2.151784411701768,2.123595122678474,2.1329915523529053,1576410
2024-10-10,2.1423880980989676,2.1611809584660016,2.1235952377319336,2.1235952377319336,1724991
2024-10-11,2.1235952449614444,2.1517845356079617,2.1235952449614444,2.142388105392456,1587150
2024-10-14,2.1517844200134277,2.1658791765937955,2.142387990302701,2.1517844200134277,650674
2024-10-15,2.1611807346343994,2.175275490464177,2.1423878762137254,2.1611807346343994,982321
2024-10-16,2.1517844200134277,2.170577279434881,2.147086317172342,2.1517844200134277,1211953
2024-10-17,2.18937027099133,2.18937027099133,2.1611809801578423,2.179973840713501,3426430
2024-10-18,2.1611808497241545,2.170577279434881,2.1376898874616153,2.1517844200134277,2596282
2024-10-21,2.1705771638447366,2.18937002226541,2.147086202833166,2.1611807346343994,2177499
2024-10-22,2.123595122678474,2.1564827385532612,2.118897019855536,2.1329915523529053,2232830
2024-10-23,2.142388105392456,2.1517845356079617,2.118897141867975,2.142388105392456,1728230
2024-10-24,2.1423880980989676,2.1611809584660016,2.1235952377319336,2.1235952377319336,3260536
2024-10-25,2.123595122678474,2.14708630887883,2.1095003661525498,2.1329915523529053,2596781
2024-10-28,2.132991543967364,2.142387973604855,2.114198684692383,2.114198684692383,2289273
2024-10-29,2.1235952303733248,2.137689987614043,2.104802370071411,2.104802370071411,4287962
2024-10-30,2.1048023626465087,2.1048023626465087,2.0766130722930787,2.0860095024108887,2731581
2024-10-31,2.086009254332468,2.095405683332809,2.0578199673314463,2.067216396331787,4625518
2024-11-01,2.0484237670898438,2.0766130572389185,2.039027337040152,2.0484237670898438,2506113
2024-11-04,2.0672165112334357,2.0860093702786764,2.05312175493523,2.0578200817108154,1691307
2024-11-05,2.0484237670898438,2.067216627189227,2.039027337040152,2.0484237670898438,1704168
2024-11-06,2.076612940756056,2.090707473025711,2.0578200817108154,2.0578200817108154,2218914
2024-11-07,2.0578201816639328,2.0578201816639328,1.9826485178031563,2.010838031768799,4139393
2024-11-08,2.020234469414635,2.048423759458694,2.001441609385262,2.0296308994293213,2856323
2024-11-11,2.0296308994293213,2.0578201894733805,2.0108380393999483,2.0296308994293213,2153110
2024-11-12,2.0296310218872513,2.043725555745394,2.0108381607240102,2.039027452468872,1531544
2024-11-13,2.010838031768799,2.0296308917268524,1.9967432747859775,2.010838031768799,2001712
2024-11-14,2.0202344617478256,2.0296308917268524,2.001441601789772,2.010838031768799,1570094
2024-11-15,2.0296307758322487,2.039027205274727,2.0108379169472923,2.0202343463897705,1028790
2024-11-18,2.0296310218872513,2.057820313632113,2.0202345913056305,2.039027452468872,2008650
2024-11-19,2.039027452468872,2.057820313632113,2.0296310218872513,2.039027452468872,2345782
2024-11-20,2.0296310087096674,2.0390274392302805,2.001441717147827,2.001441717147827,3187669
2024-11-21,2.0108381476684403,2.024932681435073,1.9920450625986388,2.001441717147827,2237275
2024-11-22,2.0202343463897705,2.0343288785392133,2.001441487504814,2.0202343463897705,2676751
2024-11-25,2.048423652188195,2.076612940756056,2.048423652188195,2.0578200817108154,2404525
2024-11-26,2.0766130572389185,2.0766130572389185,2.039027337040152,2.0484237670898438,2015542
2024-11-27,2.0484238958686585,2.076613187789917,2.0437255685341595,2.076613187789917,1921875
2024-11-28,2.1048024797111755,2.1048024797111755,2.0672167571494975,2.076613187789917,2371940
2024-11-29,2.0672165112334357,2.0860093702786764,2.05312175493523,2.0578200817108154,2365046
2024-12-02,2.0672165112334357,2.0860093702786764,2.0578200817108154,2.0578200817108154,2659154
2024-12-03,2.0672165112334357,2.0860093702786764,2.0578200817108154,2.0578200817108154,1371814
2024-12-04,2.048423652188195,2.0672165112334357,2.0296307931429545,2.0578200817108154,2538599
2024-12-05,2.067216396331787,2.086009254332468,2.048423538331106,2.067216396331787,2712596
2024-12-06,2.057820313632113,2.0766131747953547,2.039027452468872,2.039027452468872,1902991
2024-12-09,2.0390274392302805,2.048423869750894,1.9920450625986388,2.001441717147827,4850848
2024-12-10,2.001441575600137,2.020234435312279,1.9638556321472942,1.982648491859436,5706279
2024-12-11,1.992044955342013,2.0296308994293213,1.9732520953126402,2.0296308994293213,3267606
2024-12-12,2.020234435312279,2.02963086516835,1.982648491859436,1.982648491859436,3137570
2024-12-13,1.9732519478553885,2.010837889133973,1.963855518542879,1.9920448064804077,2425202
2024-12-16,1.992044921715507,2.010838005456208,1.982648491859436,1.982648491859436,2132717
2024-12-17,1.9826485178031563,2.0296308917268524,1.9826485178031563,2.010838031768799,2325327
2024-12-18,2.0108380393999483,2.0578201894733805,2.0108380393999483,2.0296308994293213,4002076
2024-12-19,2.001441487504814,2.024932449096735,1.9920448340337864,2.0202343463897705,3468395
2024-12-20,2.0108381476684403,2.020234578189054,1.9920450625986388,2.001441717147827,4901836
2024-12-23,2.001441487504814,2.039027205274727,1.9920448340337864,2.0202343463897705,2070512
2024-12-24,2.0296309069904606,2.0578201971395353,2.0296309069904606,2.0484237670898438,833531
2024-12-27,2.039027222665575,2.0672165112334357,2.039027222665575,2.0578200817108154,1825487
2024-12-30,1.9967543172293134,2.064605360362379,1.987061344081548,2.0452191829681396,2102785
2024-12-31,2.0355262350193453,2.040372837202581,2.0064473152160645,2.0064473152160645,1680165
2025-01-02,2.016140328712432,2.0452192490959327,2.0064473552512654,2.0355262756347656,1520656
2025-01-03,2.025833171789553,2.0742982670748558,2.025833171789553,2.0549120903015137,1260121
2025-01-06,2.0742982670748558,2.0791446379441654,2.0549120903015137,2.0549120903015137,1696311
2025-01-07,2.0549122696898334,2.074298448155537,2.035526322322852,2.064605474472046,1592231
2025-01-08,2.0452192490959327,2.0549122225570993,2.0209869309923736,2.0355262756347656,2618381
2025-01-09,2.016140157246003,2.030679731750566,1.9967542119723833,2.0258331298828125,1963883
2025-01-10,2.035526168450975,2.035526168450975,2.0112938516234062,2.0161402225494385,1058125
2025-01-13,1.9967543419483043,2.0355262350193453,1.9967543419483043,2.0064473152160645,2026857
2025-01-14,2.0452191174641934,2.0646052942375355,2.025833171789553,2.0549120903015137,2524322
2025-01-15,2.0452192960063424,2.083991421839028,2.0452192960063424,2.064605474472046,1334704
2025-01-16,2.074298316072513,2.1130702083376374,2.074298316072513,2.083991289138794,2009336
2025-01-17,2.083991289138794,2.1130702083376374,2.083991289138794,2.083991289138794,1601212
2025-01-20,2.1033772763021323,2.113070249557495,2.0839913297914068,2.113070249557495,1727111
2025-01-21,2.1324561960682207,2.1421491693235835,2.113070249557495,2.113070249557495,2053045
2025-01-22,2.103377342224121,2.122763289342422,2.0985307398951867,2.103377342224121,1407104
2025-01-23,2.103377342224121,2.122763289342422,2.0936843686649707,2.103377342224121,1526618
2025-01-24,2.1033772109821705,2.122763156890869,2.0936842380278207,2.122763156890869,1864112
2025-01-28,2.132456154470199,2.132456154470199,2.069451713990019,2.083991289138794,3484343
2025-01-29,2.0936843030467696,2.1324561960682207,2.0839913297914068,2.113070249557495,3099619
2025-01-30,2.093684196472168,2.122763114758055,2.0839912237102056,2.093684196472168,2147854
2025-01-31,2.1033772109821705,2.122763156890869,2.0985306089556435,2.122763156890869,3414504
2025-02-03,2.083991355178864,2.0936843285523077,2.064605408431976,2.07429838180542,1589886
2025-02-04,2.1033771855868166,2.1033771855868166,2.035526144626873,2.0549120903015137,2508925
2025-02-05,2.0549122696898334,2.0791448194479214,2.040372924713958,2.064605474472046,2680900
2025-02-06,2.093684196472168,2.122763114758055,2.088837594541837,2.093684196472168,2735804
2025-02-07,2.0936843030467696,2.1324561960682207,2.0936843030467696,2.113070249557495,3059316
2025-02-10,2.0936843030467696,2.122763222812858,2.0936843030467696,2.113070249557495,1437789
2025-02-11,2.1033773692060094,2.1130703428895004,2.035526322322852,2.064605474472046,3468689
2025-02-12,2.0161402225494385,2.0258331955002067,1.9967542766479018,2.0161402225494385,4938074
2025-02-13,2.016140328712432,2.0355262756347656,2.0064473552512654,2.0355262756347656,3793028
2025-02-14,2.074298448155537,2.074298448155537,2.0549122696898334,2.064605474472046,2491329
2025-02-17,2.064605408431976,2.0936843285523077,2.0549122039598178,2.07429838180542,3729605
2025-02-18,2.0936843285523077,2.0936843285523077,2.0549122039598178,2.07429838180542,2205128
2025-02-19,2.064605474472046,2.064605474472046,2.025833348639361,2.064605474472046,3553827
2025-02-20,2.035526144626873,2.059758692269525,2.025833171789553,2.0549120903015137,2268902
2025-02-21,2.054912156115905,2.074298333510144,2.0452191829681396,2.0452191829681396,1695759
2025-02-24,2.064605360362379,2.074298333510144,2.0355262098203744,2.0452191829681396,2320227
2025-02-25,2.0452192490959327,2.0549122225570993,2.025833302173599,2.0355262756347656,2425844
2025-02-26,2.0355261025196225,2.0549120477932417,2.006447184609193,2.0258331298828125,2976597
2025-02-27,1.9967542766479018,2.035526168450975,1.9967542766479018,2.0161402225494385,2176131
2025-02-28,1.9967543546695405,2.0209869035426817,1.977368408010513,1.9870613813400269,4512921
2025-03-03,1.9967542886734009,2.0064472616825455,1.9870613156642565,1.9967542886734009,3880722
2025-03-04,2.016140328712432,2.0452192490959327,1.9870614083289315,2.0355262756347656,3922399
2025-03-05,2.025833261751585,2.025833261751585,1.9967543419483043,2.0064473152160645,2560856
2025-03-06,1.9967543419483043,2.025833261751585,1.9967543419483043,2.0064473152160645,1984617
2025-03-07,1.9967542886734009,2.0161402346916897,1.9870613156642565,1.9967542886734009,2217235
2025-03-10,1.9967542886734009,2.0112938637364706,1.9870613156642565,1.9967542886734009,1085936
2025-03-11,1.9870613156642565,2.0161402346916897,1.9676753696459677,1.9967542886734009,2065481
2025-03-12,1.977368342655112,2.0064472616825455,1.977368342655112,1.9967542886734009,2796644
2025-03-13,1.9967543009346937,2.016140247072024,1.9773683547973633,1.9773683547973633,2360509
2025-03-14,1.9967543676414414,1.9967543676414414,1.957982474071505,1.9676754474639893,2065239
2025-03-17,1.967675381728698,1.9967543009346937,1.967675381728698,1.9773683547973633,1830654
2025-03-18,2.016140301328568,2.016140301328568,1.9822150102246265,1.9870613813400269,1410547
2025-03-19,1.9773684208564732,2.01614031442641,1.957982474071505,1.9676754474639893,2004096
2025-03-20,1.9967543419483043,2.0064473152160645,1.9773683954127839,2.0064473152160645,4663293
2025-03-21,1.9967542119723833,2.0355261025196225,1.9870612393355735,2.0258331298828125,7896735
2025-03-24,2.0258331955002067,2.0258331955002067,1.9967542766479018,2.0161402225494385,2521206
2025-03-25,2.0355261025196225,2.045219075156432,2.0258331298828125,2.0258331298828125,2298038
2025-03-26,2.035526144626873,2.0549120903015137,2.0161401989522325,2.0549120903015137,4113140
2025-03-27,2.0355262756347656,2.0549122225570993,2.011293957531207,2.0355262756347656,2983122
2025-03-28,2.0161402635248438,2.0452191829681396,2.0161402635248438,2.0452191829681396,2292276
2025-03-31,2.0549121815548657,2.0549121815548657,2.0064473152160645,2.0064473152160645,3779861
2025-04-01,2.025833302173599,2.0452192490959327,2.0064473552512654,2.0355262756347656,1957528
2025-04-02,2.0064473552512654,2.0549122225570993,2.0064473552512654,2.0355262756347656,2693471
2025-04-03,2.0646053430062317,2.1033772352713562,2.0452191657749625,2.083991289138794,5760322
2025-04-04,2.0549121151117187,2.122763156890869,2.0549121151117187,2.122763156890869,6139367
2025-04-07,2.035526128801694,2.122763114758055,2.035526128801694,2.093684196472168,6685041
2025-04-08,2.0742984215466698,2.122763289342422,2.0646054479875193,2.103377342224121,2886393
2025-04-09,2.054912074325619,2.1033771692341303,2.054912074325619,2.093684196472168,3616051
2025-04-10,2.161534982192461,2.1712279548485336,2.122763091568171,2.132456064224243,4129145
2025-04-11,2.1033771462560256,2.1518420095363884,2.1033771462560256,2.132456064224243,3521275
2025-04-14,2.132456236536885,2.1712281302941294,2.1179166608285604,2.1421492099761963,2779723
2025-04-15,2.1712281302941294,2.1712281302941294,2.1276096342678716,2.1421492099761963,1948339
2025-04-16,2.132456236536885,2.1615351568548187,2.132456236536885,2.1421492099761963,2062657
2025-04-17,2.1421491441680334,2.171228063592644,2.1421491441680334,2.1518421173095703,2229517
2025-04-22,2.142149249539901,2.190614117631562,2.142149249539901,2.1712281703948975,2797102
2025-04-23,2.200307024375737,2.219692971023202,2.1809210777282715,2.1809210777282715,4713275
2025-04-24,2.200307064645839,2.2100000381469727,2.1760745153436454,2.2100000381469727,1911273
2025-04-28,2.1906140258437707,2.2293859186925387,2.18576765478703,2.2196929454803467,2981384
2025-04-29,2.2293858528137207,2.239078825739483,2.209999906962196,2.2293858528137207,4145609
2025-04-30,2.2196929857351173,2.248771905899048,2.2196929857351173,2.248771905899048,5774276
2025-05-01,2.248771905899048,2.2584648792870246,2.23423256136644,2.248771905899048,3042488
2025-05-02,2.239078802095572,2.2778506933892038,2.2293858292721636,2.268157720565796,1780541
2025-05-05,2.277850759441384,2.2875437325458647,2.258464813232422,2.258464813232422,2009288
2025-05-06,2.258464919199202,2.2875438398770225,2.2390789720806548,2.277850866317749,3234901
2025-05-07,2.2875437079840912,2.297236680984497,2.258464788982874,2.297236680984497,2957194
2025-05-08,2.2875438209524326,2.3360089194465727,2.2875438209524326,2.3166229724884033,2372150
2025-05-09,2.2972367944315173,2.3166229724884033,2.277850847473348,2.3166229724884033,1617112
2025-05-12,2.326315897864457,2.326315897864457,2.287543773651123,2.287543773651123,2753559
2025-05-13,2.3263157886049455,2.3263157886049455,2.239078802095572,2.268157720565796,3155292
2025-05-14,2.2390788670234603,2.273004388438497,2.2293858939189795,2.258464813232422,2823658
2025-05-15,2.248771798665246,2.2584647715910084,2.2293858528137207,2.2293858528137207,2832544
2025-05-16,2.2487719456399287,2.2875438398770225,2.2293859985213813,2.277850866317749,2905207
2025-05-19,2.2681577863369027,2.2923903346474592,2.248771840127941,2.258464813232422,3304588
2025-05-20,2.268157827093812,2.287543773651123,2.2584648538151564,2.287543773651123,3183141
2025-05-21,2.30692982673645,2.3166227994917,2.2923902520542256,2.30692982673645,2121931
2025-05-22,2.2875438209524326,2.3166229724884033,2.277850847473348,2.3166229724884033,2415221
2025-05-23,2.316622858084014,2.316622858084014,2.277850734983686,2.297236680984497,2106534
2025-05-26,2.30692982673645,2.3263157722469496,2.287543650127251,2.30692982673645,1585365
2025-05-27,2.3166227994917,2.3263157722469496,2.297236622882501,2.30692982673645,2341085
2025-05-28,2.3166229066182993,2.345701826228733,2.3069299334148217,2.3263158798217773,3998538
2025-05-29,2.345701826228733,2.3553947994322106,2.3069299334148217,2.3263158798217773,3256813
2025-05-30,2.316622858084014,2.3263158310844196,2.277850734983686,2.297236680984497,6533560
2025-06-02,2.2875438209524326,2.326315945967488,2.2875438209524326,2.3166229724884033,2143450
2025-06-03,2.3263158142249933,2.34570176008531,2.306929868364677,2.3360087871551514,2135308
2025-06-04,2.3263158142249933,2.355394733015468,2.3263158142249933,2.3360087871551514,2752911
2025-06-05,2.3166228412948353,2.3360087871551514,2.306929868364677,2.3360087871551514,2031029
2025-06-06,2.3166229724884033,2.3360089194465727,2.3166229724884033,2.3166229724884033,2804211
2025-06-10,2.3166229724884033,2.326315945967488,2.2972367944315173,2.3166229724884033,2214803
2025-06-11,2.3166229066182993,2.3553947994322106,2.3069299334148217,2.3263158798217773,6317034
2025-06-12,2.336008853025255,2.345701826228733,2.3166229066182993,2.3263158798217773,4023534
2025-06-13,2.3263158798217773,2.345701826228733,2.3166229066182993,2.3263158798217773,2102729
2025-06-16,2.3457019329071045,2.3457019329071045,2.316623011974213,2.3457019329071045,3861501
2025-06-17,2.3263158142249933,2.34570176008531,2.3166228412948353,2.3360087871551514,3454239
2025-06-18,2.345701777085231,2.345701777085231,2.277850734983686,2.297236680984497,3125794
2025-06-19,2.336008853025255,2.3553947994322106,2.2875437559091556,2.3263158798217773,4722822
2025-06-20,2.306929951307146,2.326315897864457,2.287543773651123,2.287543773651123,27292596
2025-06-23,2.2875438398770225,2.306930018094288,2.2487719456399287,2.277850866317749,6005168
2025-06-24,2.2972368406092367,2.2972368406092367,2.234232627278071,2.239078998565674,4436708
2025-06-25,2.248771972239601,2.2681579195874555,2.2196930512178192,2.239078998565674,7308807
2025-06-26,2.22938598514924,2.2681578791537755,2.180921117643571,2.2100000381469727,5045963
2025-06-27,2.2300000190734863,2.240000009536743,2.200000047683716,2.2100000381469727,5910387
2025-06-30,2.2200000286102295,2.2300000190734863,2.190000057220459,2.200000047683716,3788400
2025-07-01,2.2200000286102295,2.2699999809265137,2.2049999237060547,2.25,5568789
2025-07-02,2.259999990463257,2.2899999618530273,2.259999990463257,2.2799999713897705,3047208
2025-07-03,2.2799999713897705,2.2899999618530273,2.244999885559082,2.2699999809265137,2546906
2025-07-04,2.2899999618530273,2.2899999618530273,2.265000104904175,2.2799999713897705,2064974
2025-07-07,2.2899999618530273,2.2899999618530273,2.265000104904175,2.2799999713897705,1397740
2025-07-08,2.2799999713897705,2.2799999713897705,2.234999895095825,2.259999990463257,2384267
2025-07-09,2.25,2.25,2.2249999046325684,2.240000009536743,2602430
2025-07-10,2.2699999809265137,2.2699999809265137,2.244999885559082,2.259999990463257,1790738
2025-07-11,2.2699999809265137,2.2699999809265137,2.2200000286102295,2.25,2403729
2025-07-14,2.240000009536743,2.259999990463257,2.2249999046325684,2.25,1561502
2025-07-15,2.2699999809265137,2.2699999809265137,2.240000009536743,2.2699999809265137,1537363
2025-07-16,2.25,2.309999942779541,2.2249999046325684,2.25,3966157
2025-07-17,2.2699999809265137,2.2899999618530273,2.255000114440918,2.2899999618530273,2529140
2025-07-18,2.299999952316284,2.299999952316284,2.265000104904175,2.2899999618530273,1366995
2025-07-21,2.2699999809265137,2.2799999713897705,2.240000009536743,2.259999990463257,2226185
2025-07-22,2.259999990463257,2.2799999713897705,2.25,2.2699999809265137,1442750
2025-07-23,2.2799999713897705,2.2799999713897705,2.25,2.2799999713897705,1666217
2025-07-24,2.2699999809265137,2.2699999809265137,2.25,2.25,2205177
2025-07-25,2.2799999713897705,2.2799999713897705,2.25,2.259999990463257,1609863
2025-07-28,2.259999990463257,2.2799999713897705,2.255000114440918,2.2699999809265137,1786334
2025-07-29,2.2699999809265137,2.2899999618530273,2.265000104904175,2.2799999713897705,1976367
2025-07-30,2.2799999713897705,2.3399999141693115,2.2699999809265137,2.3399999141693115,4496662
2025-07-31,2.309999942779541,2.3550000190734863,2.309999942779541,2.3399999141693115,2925068
2025-08-01,2.3299999237060547,2.3499999046325684,2.319999933242798,2.3299999237060547,1892515
2025-08-04,2.319999933242798,2.3399999141693115,2.319999933242798,2.3299999237060547,1818825
2025-08-05,2.359999895095825,2.369999885559082,2.3399999141693115,2.3399999141693115,1732749
2025-08-06,2.3399999141693115,2.359999895095825,2.319999933242798,2.3399999141693115,3478249
2025-08-07,2.3399999141693115,2.359999895095825,2.3299999237060547,2.3499999046325684,2164953
2025-08-08,2.3299999237060547,2.359999895095825,2.319999933242798,2.359999895095825,1659797
2025-08-11,2.3399999141693115,2.3499999046325684,2.3350000381469727,2.3499999046325684,2390108
2025-08-12,2.3499999046325684,2.369999885559082,2.3450000286102295,2.359999895095825,1034303
2025-08-13,2.369999885559082,2.380000114440918,2.3399999141693115,2.359999895095825,1803091
2025-08-14,2.369999885559082,2.4000000953674316,2.365000009536743,2.390000104904175,1694404
2025-08-15,2.390000104904175,2.3949999809265137,2.369999885559082,2.380000114440918,1861979
2025-08-18,2.369999885559082,2.380000114440918,2.365000009536743,2.380000114440918,1172876
2025-08-19,2.369999885559082,2.390000104904175,2.359999895095825,2.390000104904175,5634125
2025-08-20,2.359999895095825,2.430000066757202,2.3299999237060547,2.4200000762939453,3986377
2025-08-21,2.430000066757202,2.440000057220459,2.4149999618530273,2.430000066757202,2949673
2025-08-22,2.430000066757202,2.450000047683716,2.4200000762939453,2.450000047683716,3683915
2025-08-25,2.4700000286102295,2.4800000190734863,2.450000047683716,2.450000047683716,1667608
2025-08-26,2.4700000286102295,2.4700000286102295,2.440000057220459,2.4700000286102295,2246323
